<?xml version="1.0" encoding="UTF-8" ?>
 <payment_processor_type>
   <userNameLabel>Merchant ID</userNameLabel>
   <passwordLabel>Key</passwordLabel>
   <signatureLabel></signatureLabel>
   <subjectLabel></subjectLabel>
   <urlSiteDefault>https://checkout.google.com/</urlSiteDefault>
   <urlApiDefault></urlApiDefault>
   <urlRecurDefault></urlRecurDefault>
   <urlSiteTestDefault>https://sandbox.google.com/checkout/</urlSiteTestDefault>
   <urlApiTestDefault></urlApiTestDefault>
   <urlRecurTestDefault></urlRecurTestDefault>
   <urlButtonDefault><![CDATA[ https://checkout.google.com/buttons/checkout.gif?merchant_id=YOURMERCHANTIDHERE&w=160&h=43&style=white&variant=text&loc=en_US ]]></urlButtonDefault>
   <urlButtonTestDefault><![CDATA[ https://sandbox.google.com/checkout/buttons/checkout.gif?merchant_id=YOURMERCHANTIDHERE&w=160&h=43&style=white&variant=text&loc=en_US ]]></urlButtonTestDefault>
   <billingMode>notify</billingMode>
   <isRecur>0</isRecur>
   <paymentType>1</paymentType>
</payment_processor_type> 
  